{
  "experiment": "03_lie_vs_hallucination",
  "model": "meta-llama/Llama-3.1-8B-Instruct",
  "n_truth": 740,
  "n_lie": 88,
  "n_hallucination": 1077,
  "n_balanced": 88,
  "results": {
    "best_layer": 14,
    "layer_scan": {
      "0": {
        "balanced_accuracy": 0.3333333333333333,
        "std": 0.0,
        "folds": [
          0.3333333333333333,
          0.3333333333333333,
          0.3333333333333333,
          0.3333333333333333,
          0.3333333333333333
        ],
        "chance_level": 0.3333333333333333,
        "n_samples": 264,
        "n_per_class": 88
      },
      "2": {
        "balanced_accuracy": 0.7211328976034859,
        "std": 0.05063192077353927,
        "folds": [
          0.772331154684096,
          0.7037037037037037,
          0.6481481481481481,
          0.6971677559912853,
          0.7843137254901961
        ],
        "chance_level": 0.3333333333333333,
        "n_samples": 264,
        "n_per_class": 88
      },
      "4": {
        "balanced_accuracy": 0.6751633986928104,
        "std": 0.027048612473486593,
        "folds": [
          0.7156862745098039,
          0.6481481481481481,
          0.6481481481481481,
          0.6971677559912853,
          0.6666666666666666
        ],
        "chance_level": 0.3333333333333333,
        "n_samples": 264,
        "n_per_class": 88
      },
      "6": {
        "balanced_accuracy": 0.6749455337690633,
        "std": 0.04427860039822281,
        "folds": [
          0.7342047930283225,
          0.7037037037037037,
          0.611111111111111,
          0.6394335511982571,
          0.6862745098039217
        ],
        "chance_level": 0.3333333333333333,
        "n_samples": 264,
        "n_per_class": 88
      },
      "8": {
        "balanced_accuracy": 0.6910675381263617,
        "std": 0.08075885688683608,
        "folds": [
          0.7712418300653594,
          0.5740740740740741,
          0.6296296296296297,
          0.6960784313725491,
          0.7843137254901961
        ],
        "chance_level": 0.3333333333333333,
        "n_samples": 264,
        "n_per_class": 88
      },
      "10": {
        "balanced_accuracy": 0.7130718954248365,
        "std": 0.08063828039100734,
        "folds": [
          0.789760348583878,
          0.5925925925925926,
          0.7777777777777778,
          0.6405228758169935,
          0.7647058823529411
        ],
        "chance_level": 0.3333333333333333,
        "n_samples": 264,
        "n_per_class": 88
      },
      "12": {
        "balanced_accuracy": 0.724400871459695,
        "std": 0.03556607345820158,
        "folds": [
          0.7527233115468409,
          0.6851851851851851,
          0.7407407407407408,
          0.6786492374727668,
          0.7647058823529412
        ],
        "chance_level": 0.3333333333333333,
        "n_samples": 264,
        "n_per_class": 88
      },
      "14": {
        "balanced_accuracy": 0.7468409586056646,
        "std": 0.07153338567190877,
        "folds": [
          0.7701525054466232,
          0.6481481481481481,
          0.8148148148148149,
          0.6775599128540305,
          0.823529411764706
        ],
        "chance_level": 0.3333333333333333,
        "n_samples": 264,
        "n_per_class": 88
      },
      "15": {
        "balanced_accuracy": 0.7392156862745097,
        "std": 0.04433751929207844,
        "folds": [
          0.7516339869281046,
          0.6666666666666666,
          0.7962962962962963,
          0.7167755991285404,
          0.7647058823529412
        ],
        "chance_level": 0.3333333333333333,
        "n_samples": 264,
        "n_per_class": 88
      },
      "16": {
        "balanced_accuracy": 0.7126361655773421,
        "std": 0.05897422800856768,
        "folds": [
          0.789760348583878,
          0.6481481481481481,
          0.7581699346405228,
          0.6416122004357298,
          0.7254901960784315
        ],
        "chance_level": 0.3333333333333333,
        "n_samples": 264,
        "n_per_class": 88
      },
      "17": {
        "balanced_accuracy": 0.7176470588235294,
        "std": 0.0569515746201056,
        "folds": [
          0.789760348583878,
          0.6296296296296297,
          0.6851851851851851,
          0.7189542483660131,
          0.7647058823529411
        ],
        "chance_level": 0.3333333333333333,
        "n_samples": 264,
        "n_per_class": 88
      },
      "18": {
        "balanced_accuracy": 0.7289760348583878,
        "std": 0.0442399928144833,
        "folds": [
          0.7734204793028322,
          0.6481481481481481,
          0.7592592592592592,
          0.7189542483660131,
          0.7450980392156863
        ],
        "chance_level": 0.3333333333333333,
        "n_samples": 264,
        "n_per_class": 88
      },
      "20": {
        "balanced_accuracy": 0.7331154684095861,
        "std": 0.06195566688126294,
        "folds": [
          0.7538126361655774,
          0.611111111111111,
          0.7592592592592592,
          0.7570806100217865,
          0.7843137254901961
        ],
        "chance_level": 0.3333333333333333,
        "n_samples": 264,
        "n_per_class": 88
      },
      "22": {
        "balanced_accuracy": 0.7215686274509805,
        "std": 0.07658997935876911,
        "folds": [
          0.6960784313725491,
          0.5925925925925926,
          0.721132897603486,
          0.7941176470588235,
          0.8039215686274511
        ],
        "chance_level": 0.3333333333333333,
        "n_samples": 264,
        "n_per_class": 88
      },
      "24": {
        "balanced_accuracy": 0.7030501089324619,
        "std": 0.07187429543609751,
        "folds": [
          0.7342047930283225,
          0.5740740740740741,
          0.6840958605664488,
          0.738562091503268,
          0.7843137254901961
        ],
        "chance_level": 0.3333333333333333,
        "n_samples": 264,
        "n_per_class": 88
      },
      "26": {
        "balanced_accuracy": 0.6880174291938996,
        "std": 0.07926990625812204,
        "folds": [
          0.6786492374727668,
          0.5555555555555555,
          0.7037037037037037,
          0.6982570806100218,
          0.8039215686274509
        ],
        "chance_level": 0.3333333333333333,
        "n_samples": 264,
        "n_per_class": 88
      },
      "28": {
        "balanced_accuracy": 0.6991285403050108,
        "std": 0.06686856238505584,
        "folds": [
          0.6971677559912854,
          0.5925925925925926,
          0.7037037037037037,
          0.6982570806100218,
          0.8039215686274509
        ],
        "chance_level": 0.3333333333333333,
        "n_samples": 264,
        "n_per_class": 88
      },
      "30": {
        "balanced_accuracy": 0.6836601307189543,
        "std": 0.06070031131060161,
        "folds": [
          0.7352941176470589,
          0.5925925925925926,
          0.6666666666666666,
          0.6590413943355119,
          0.7647058823529412
        ],
        "chance_level": 0.3333333333333333,
        "n_samples": 264,
        "n_per_class": 88
      },
      "31": {
        "balanced_accuracy": 0.6873638344226579,
        "std": 0.06002959511736652,
        "folds": [
          0.7167755991285403,
          0.6296296296296297,
          0.6851851851851851,
          0.6209150326797386,
          0.7843137254901961
        ],
        "chance_level": 0.3333333333333333,
        "n_samples": 264,
        "n_per_class": 88
      }
    },
    "truth_vs_lie": {
      "balanced_accuracy": 1.0,
      "std": 0.0,
      "folds": [
        1.0,
        1.0,
        1.0,
        1.0,
        1.0
      ],
      "chance_level": 0.5,
      "n_samples": 176,
      "n_per_class": 88
    },
    "truth_vs_hallucination": {
      "balanced_accuracy": 0.580718954248366,
      "std": 0.030351719532029548,